{"cameraMode":{"drawMode":0,"name":"Shaded","section":"Shading Mode"},"sceneLighting":true,"audioPlay":false,"sceneViewState":{"m_AlwaysRefresh":false,"showFog":true,"showSkybox":true,"showFlares":true,"showImageEffects":true,"showParticleSystems":true,"showVisualEffectGraphs":true,"m_FxEnabled":true},"in2DMode":false,"pivot":{"x":0.0886499434709549,"y":-1.02553129196167,"z":0.9939987659454346},"rotation":{"x":0.6490904092788696,"y":0.02394592948257923,"z":-0.020450448617339135,"w":0.7600616216659546},"size":2.955533981323242,"orthographic":false}